"","X.1","X","Predicted_classes","Data_collection","Interaction_type","Captive","Class"
"1",1,1,"Scale-Free","Logger","Physical Contact","No","Aves"
"2",2,2,"Geometric Graphs","Logger","Physical Contact","No","Aves"
"3",3,3,"Small-World","Survey Scan","Foraging","Yes","Aves"
"4",4,4,"Small-World","Survey Scan","Foraging","Yes","Aves"
"5",5,5,"Small-World","Direct Observation","Dominance","Yes","Aves"
"6",6,6,"Scale-Free","RFID","Social Projection Bipartite","No","Aves"
"7",7,7,"Geometric Graphs","Survey Scan","Group Membership","No","Aves"
"8",8,8,"Geometric Graphs","Survey Scan","Group Membership","No","Aves"
"9",9,9,"Scale-Free","Survey Scan","Group Membership","No","Aves"
"10",10,10,"Scale-Free","Survey Scan","Group Membership","No","Aves"
"11",11,11,"Geometric Graphs","Survey Scan","Group Membership","No","Aves"
"12",12,12,"Geometric Graphs","Survey Scan","Group Membership","No","Aves"
"13",13,13,"Geometric Graphs","Mark Recapture","Social Projection Bipartite","No","Aves"
"14",14,14,"Geometric Graphs","Mark Recapture","Social Projection Bipartite","No","Aves"
"15",15,15,"Geometric Graphs","Mark Recapture","Social Projection Bipartite","No","Aves"
"16",16,16,"Geometric Graphs","Mark Recapture","Social Projection Bipartite","No","Aves"
"17",17,17,"Scale-Free","Mark Recapture","Social Projection Bipartite","No","Aves"
"18",18,18,"Geometric Graphs","Mark Recapture","Social Projection Bipartite","No","Aves"
"19",19,19,"Scale-Free","Mark Recapture","Social Projection Bipartite","No","Aves"
"20",20,20,"Scale-Free","Mark Recapture","Social Projection Bipartite","No","Aves"
"21",21,21,"Geometric Graphs","Mark Recapture","Social Projection Bipartite","No","Aves"
"22",22,22,"Geometric Graphs","Mark Recapture","Social Projection Bipartite","No","Aves"
"23",23,23,"Geometric Graphs","Mark Recapture","Social Projection Bipartite","No","Aves"
"24",24,24,"Scale-Free","Mark Recapture","Social Projection Bipartite","No","Aves"
"25",25,25,"Scale-Free","Mark Recapture","Social Projection Bipartite","No","Aves"
"26",26,26,"Geometric Graphs","Mark Recapture","Social Projection Bipartite","No","Aves"
"27",27,27,"Geometric Graphs","Mark Recapture","Social Projection Bipartite","No","Aves"
"28",28,28,"Scale-Free","Mark Recapture","Social Projection Bipartite","No","Aves"
"29",29,29,"Scale-Free","Mark Recapture","Social Projection Bipartite","No","Aves"
"30",30,30,"Geometric Graphs","RFID","Social Projection Bipartite","No","Aves"
"31",31,31,"Scale-Free","RFID","Social Projection Bipartite","No","Aves"
"32",32,32,"Geometric Graphs","RFID","Social Projection Bipartite","No","Aves"
"33",33,33,"Geometric Graphs","RFID","Social Projection Bipartite","No","Aves"
"34",34,34,"Geometric Graphs","RFID","Social Projection Bipartite","No","Aves"
"35",35,35,"Geometric Graphs","RFID","Social Projection Bipartite","No","Aves"
"36",36,36,"Geometric Graphs","RFID","Social Projection Bipartite","No","Aves"
"37",37,37,"Geometric Graphs","RFID","Spatial Proximity","No","Mammalia"
"38",38,38,"Geometric Graphs","RFID","Spatial Proximity","No","Mammalia"
"39",39,39,"Geometric Graphs","RFID","Spatial Proximity","No","Mammalia"
"40",40,40,"Geometric Graphs","RFID","Spatial Proximity","No","Mammalia"
"41",41,41,"Geometric Graphs","RFID","Spatial Proximity","No","Mammalia"
"42",42,42,"Geometric Graphs","RFID","Spatial Proximity","No","Mammalia"
"43",43,43,"Geometric Graphs","RFID","Spatial Proximity","No","Mammalia"
"44",44,44,"Geometric Graphs","RFID","Spatial Proximity","No","Mammalia"
"45",45,45,"Geometric Graphs","RFID","Spatial Proximity","No","Mammalia"
"46",46,46,"Geometric Graphs","RFID","Spatial Proximity","No","Mammalia"
"47",47,47,"Geometric Graphs","RFID","Spatial Proximity","No","Mammalia"
"48",48,48,"Geometric Graphs","RFID","Spatial Proximity","No","Mammalia"
"49",49,49,"Geometric Graphs","RFID","Spatial Proximity","No","Mammalia"
"50",50,50,"Geometric Graphs","RFID","Spatial Proximity","No","Mammalia"
"51",51,51,"Geometric Graphs","Focal Sampling","Spatial Proximity","No","Mammalia"
"52",52,52,"Geometric Graphs","Focal Sampling","Spatial Proximity","No","Mammalia"
"53",53,53,"Geometric Graphs","Focal Sampling","Spatial Proximity","No","Mammalia"
"54",54,54,"Scale-Free","Focal Sampling","Spatial Proximity","No","Mammalia"
"55",55,55,"Geometric Graphs","Focal Sampling","Spatial Proximity","No","Mammalia"
"56",56,56,"Scale-Free","Focal Sampling","Spatial Proximity","No","Mammalia"
"57",57,57,"Geometric Graphs","Focal Sampling","Spatial Proximity","No","Mammalia"
"58",58,58,"Geometric Graphs","Focal Sampling","Spatial Proximity","No","Mammalia"
"59",59,59,"Geometric Graphs","Focal Sampling","Spatial Proximity","No","Mammalia"
"60",60,60,"Geometric Graphs","Focal Sampling","Spatial Proximity","No","Mammalia"
"61",61,61,"Geometric Graphs","Focal Sampling","Spatial Proximity","No","Mammalia"
"62",62,62,"Geometric Graphs","Focal Sampling","Spatial Proximity","No","Mammalia"
"63",63,63,"Geometric Graphs","Focal Sampling","Spatial Proximity","No","Mammalia"
"64",64,64,"Geometric Graphs","Focal Sampling","Spatial Proximity","No","Mammalia"
"65",65,65,"Geometric Graphs","Focal Sampling","Spatial Proximity","No","Mammalia"
"66",66,66,"Geometric Graphs","Focal Sampling","Spatial Proximity","No","Mammalia"
"67",67,67,"Geometric Graphs","Focal Sampling","Spatial Proximity","No","Mammalia"
"68",68,68,"Geometric Graphs","Focal Sampling","Spatial Proximity","No","Mammalia"
"69",69,69,"Geometric Graphs","RFID","Spatial Proximity","No","Mammalia"
"70",70,70,"Geometric Graphs","RFID","Spatial Proximity","No","Mammalia"
"71",71,71,"Geometric Graphs","Survey Scan","Group Membership","No","Mammalia"
"72",72,72,"Geometric Graphs","Video","Physical Contact","Yes","Insecta"
"73",73,73,"Geometric Graphs","Video","Physical Contact","Yes","Insecta"
"74",74,74,"Geometric Graphs","Video","Physical Contact","Yes","Insecta"
"75",75,75,"Geometric Graphs","Video","Physical Contact","Yes","Insecta"
"76",76,76,"Geometric Graphs","Video","Physical Contact","Yes","Insecta"
"77",77,77,"Geometric Graphs","Video","Physical Contact","Yes","Insecta"
"78",78,78,"Geometric Graphs","Video","Physical Contact","Yes","Insecta"
"79",79,79,"Geometric Graphs","Video","Physical Contact","Yes","Insecta"
"80",80,80,"Geometric Graphs","Video","Physical Contact","Yes","Insecta"
"81",81,81,"Geometric Graphs","Video","Physical Contact","Yes","Insecta"
"82",82,82,"Geometric Graphs","Video","Physical Contact","Yes","Insecta"
"83",83,83,"Geometric Graphs","Video","Physical Contact","Yes","Insecta"
"84",84,84,"Geometric Graphs","Video","Physical Contact","Yes","Insecta"
"85",85,85,"Geometric Graphs","Video","Physical Contact","Yes","Insecta"
"86",86,86,"Geometric Graphs","Video","Physical Contact","Yes","Insecta"
"87",87,87,"Geometric Graphs","Video","Physical Contact","Yes","Insecta"
"88",88,88,"Geometric Graphs","Video","Physical Contact","Yes","Insecta"
"89",89,89,"Geometric Graphs","Video","Physical Contact","Yes","Insecta"
"90",90,90,"Geometric Graphs","Video","Physical Contact","Yes","Insecta"
"91",91,91,"Geometric Graphs","Video","Physical Contact","Yes","Insecta"
"92",92,92,"Geometric Graphs","Video","Physical Contact","Yes","Insecta"
"93",93,93,"Geometric Graphs","Video","Physical Contact","Yes","Insecta"
"94",94,94,"Geometric Graphs","Video","Physical Contact","Yes","Insecta"
"95",95,95,"Geometric Graphs","Video","Physical Contact","Yes","Insecta"
"96",96,96,"Geometric Graphs","Video","Physical Contact","Yes","Insecta"
"97",97,97,"Geometric Graphs","Video","Physical Contact","Yes","Insecta"
"98",98,98,"Geometric Graphs","Video","Physical Contact","Yes","Insecta"
"99",99,99,"Geometric Graphs","Video","Physical Contact","Yes","Insecta"
"100",100,100,"Geometric Graphs","Video","Physical Contact","Yes","Insecta"
"101",101,101,"Geometric Graphs","Video","Physical Contact","Yes","Insecta"
"102",102,102,"Geometric Graphs","Video","Physical Contact","Yes","Insecta"
"103",103,103,"Geometric Graphs","Video","Physical Contact","Yes","Insecta"
"104",104,104,"Geometric Graphs","Video","Physical Contact","Yes","Insecta"
"105",105,105,"Geometric Graphs","Video","Physical Contact","Yes","Insecta"
"106",106,106,"Geometric Graphs","Video","Physical Contact","Yes","Insecta"
"107",107,107,"Geometric Graphs","Video","Physical Contact","Yes","Insecta"
"108",108,108,"Geometric Graphs","Video","Physical Contact","Yes","Insecta"
"109",109,109,"Geometric Graphs","Video","Physical Contact","Yes","Insecta"
"110",110,110,"Geometric Graphs","Video","Physical Contact","Yes","Insecta"
"111",111,111,"Geometric Graphs","Video","Physical Contact","Yes","Insecta"
"112",112,112,"Geometric Graphs","Video","Physical Contact","Yes","Insecta"
"113",113,113,"Geometric Graphs","Video","Physical Contact","Yes","Insecta"
"114",114,114,"Geometric Graphs","Video","Physical Contact","Yes","Insecta"
"115",115,115,"Geometric Graphs","Video","Physical Contact","Yes","Insecta"
"116",116,116,"Geometric Graphs","Video","Physical Contact","Yes","Insecta"
"117",117,117,"Geometric Graphs","Video","Physical Contact","Yes","Insecta"
"118",118,118,"Geometric Graphs","Video","Physical Contact","Yes","Insecta"
"119",119,119,"Geometric Graphs","Video","Physical Contact","Yes","Insecta"
"120",120,120,"Geometric Graphs","Video","Physical Contact","Yes","Insecta"
"121",121,121,"Geometric Graphs","Video","Physical Contact","Yes","Insecta"
"122",122,122,"Geometric Graphs","Video","Physical Contact","Yes","Insecta"
"123",123,123,"Geometric Graphs","Video","Physical Contact","Yes","Insecta"
"124",124,124,"Geometric Graphs","Video","Physical Contact","Yes","Insecta"
"125",125,125,"Geometric Graphs","Video","Physical Contact","Yes","Insecta"
"126",126,126,"Geometric Graphs","Video","Physical Contact","Yes","Insecta"
"127",127,127,"Geometric Graphs","Video","Physical Contact","Yes","Insecta"
"128",128,128,"Geometric Graphs","Video","Physical Contact","Yes","Insecta"
"129",129,129,"Geometric Graphs","Video","Physical Contact","Yes","Insecta"
"130",130,130,"Geometric Graphs","Video","Physical Contact","Yes","Insecta"
"131",131,131,"Geometric Graphs","Video","Physical Contact","Yes","Insecta"
"132",132,132,"Geometric Graphs","Video","Physical Contact","Yes","Insecta"
"133",133,133,"Geometric Graphs","Video","Physical Contact","Yes","Insecta"
"134",134,134,"Geometric Graphs","Video","Physical Contact","Yes","Insecta"
"135",135,135,"Geometric Graphs","Video","Physical Contact","Yes","Insecta"
"136",136,136,"Geometric Graphs","Video","Physical Contact","Yes","Insecta"
"137",137,137,"Geometric Graphs","Video","Physical Contact","Yes","Insecta"
"138",138,138,"Geometric Graphs","Video","Physical Contact","Yes","Insecta"
"139",139,139,"Geometric Graphs","Video","Physical Contact","Yes","Insecta"
"140",140,140,"Geometric Graphs","Video","Physical Contact","Yes","Insecta"
"141",141,141,"Geometric Graphs","Video","Physical Contact","Yes","Insecta"
"142",142,142,"Geometric Graphs","Video","Physical Contact","Yes","Insecta"
"143",143,143,"Geometric Graphs","Video","Physical Contact","Yes","Insecta"
"144",144,144,"Geometric Graphs","Video","Physical Contact","Yes","Insecta"
"145",145,145,"Geometric Graphs","Video","Physical Contact","Yes","Insecta"
"146",146,146,"Geometric Graphs","Video","Physical Contact","Yes","Insecta"
"147",147,147,"Geometric Graphs","Video","Physical Contact","Yes","Insecta"
"148",148,148,"Geometric Graphs","Video","Physical Contact","Yes","Insecta"
"149",149,149,"Geometric Graphs","Video","Physical Contact","Yes","Insecta"
"150",150,150,"Geometric Graphs","Video","Physical Contact","Yes","Insecta"
"151",151,151,"Geometric Graphs","Video","Physical Contact","Yes","Insecta"
"152",152,152,"Geometric Graphs","Video","Physical Contact","Yes","Insecta"
"153",153,153,"Geometric Graphs","Video","Physical Contact","Yes","Insecta"
"154",154,154,"Geometric Graphs","Video","Physical Contact","Yes","Insecta"
"155",155,155,"Erdös-Rényi","Video","Physical Contact","Yes","Insecta"
"156",156,156,"Erdös-Rényi","Video","Physical Contact","Yes","Insecta"
"157",157,157,"Geometric Graphs","Video","Physical Contact","Yes","Insecta"
"158",158,158,"Geometric Graphs","Video","Physical Contact","Yes","Insecta"
"159",159,159,"Geometric Graphs","Video","Physical Contact","Yes","Insecta"
"160",160,160,"Geometric Graphs","Video","Physical Contact","Yes","Insecta"
"161",161,161,"Geometric Graphs","Video","Physical Contact","Yes","Insecta"
"162",162,162,"Geometric Graphs","Video","Physical Contact","Yes","Insecta"
"163",163,163,"Geometric Graphs","Video","Physical Contact","Yes","Insecta"
"164",164,164,"Geometric Graphs","Video","Physical Contact","Yes","Insecta"
"165",165,165,"Geometric Graphs","Video","Physical Contact","Yes","Insecta"
"166",166,166,"Geometric Graphs","Video","Physical Contact","Yes","Insecta"
"167",167,167,"Geometric Graphs","Video","Physical Contact","Yes","Insecta"
"168",168,168,"Geometric Graphs","Video","Physical Contact","Yes","Insecta"
"169",169,169,"Geometric Graphs","Video","Physical Contact","Yes","Insecta"
"170",170,170,"Geometric Graphs","Video","Physical Contact","Yes","Insecta"
"171",171,171,"Geometric Graphs","Video","Physical Contact","Yes","Insecta"
"172",172,172,"Geometric Graphs","Video","Physical Contact","Yes","Insecta"
"173",173,173,"Geometric Graphs","Video","Physical Contact","Yes","Insecta"
"174",174,174,"Geometric Graphs","Video","Physical Contact","Yes","Insecta"
"175",175,175,"Geometric Graphs","Video","Physical Contact","Yes","Insecta"
"176",176,176,"Geometric Graphs","Video","Physical Contact","Yes","Insecta"
"177",177,177,"Geometric Graphs","Video","Physical Contact","Yes","Insecta"
"178",178,178,"Geometric Graphs","Video","Physical Contact","Yes","Insecta"
"179",179,179,"Geometric Graphs","Video","Physical Contact","Yes","Insecta"
"180",180,180,"Geometric Graphs","Video","Physical Contact","Yes","Insecta"
"181",181,181,"Geometric Graphs","Video","Physical Contact","Yes","Insecta"
"182",182,182,"Geometric Graphs","Video","Physical Contact","Yes","Insecta"
"183",183,183,"Geometric Graphs","Video","Physical Contact","Yes","Insecta"
"184",184,184,"Geometric Graphs","Video","Physical Contact","Yes","Insecta"
"185",185,185,"Geometric Graphs","Video","Physical Contact","Yes","Insecta"
"186",186,186,"Geometric Graphs","Video","Physical Contact","Yes","Insecta"
"187",187,187,"Geometric Graphs","Video","Physical Contact","Yes","Insecta"
"188",188,188,"Geometric Graphs","Video","Physical Contact","Yes","Insecta"
"189",189,189,"Geometric Graphs","Video","Physical Contact","Yes","Insecta"
"190",190,190,"Geometric Graphs","Video","Physical Contact","Yes","Insecta"
"191",191,191,"Geometric Graphs","Video","Physical Contact","Yes","Insecta"
"192",192,192,"Geometric Graphs","Video","Physical Contact","Yes","Insecta"
"193",193,193,"Geometric Graphs","Video","Physical Contact","Yes","Insecta"
"194",194,194,"Geometric Graphs","Video","Physical Contact","Yes","Insecta"
"195",195,195,"Geometric Graphs","Video","Physical Contact","Yes","Insecta"
"196",196,196,"Geometric Graphs","Video","Physical Contact","Yes","Insecta"
"197",197,197,"Erdös-Rényi","Video","Physical Contact","Yes","Insecta"
"198",198,198,"Geometric Graphs","Video","Physical Contact","Yes","Insecta"
"199",199,199,"Geometric Graphs","Video","Physical Contact","Yes","Insecta"
"200",200,200,"Geometric Graphs","Video","Physical Contact","Yes","Insecta"
"201",201,201,"Geometric Graphs","Video","Physical Contact","Yes","Insecta"
"202",202,202,"Geometric Graphs","Video","Physical Contact","Yes","Insecta"
"203",203,203,"Geometric Graphs","Video","Physical Contact","Yes","Insecta"
"204",204,204,"Geometric Graphs","Video","Physical Contact","Yes","Insecta"
"205",205,205,"Geometric Graphs","Video","Physical Contact","Yes","Insecta"
"206",206,206,"Geometric Graphs","Video","Physical Contact","Yes","Insecta"
"207",207,207,"Geometric Graphs","Video","Physical Contact","Yes","Insecta"
"208",208,208,"Geometric Graphs","Video","Physical Contact","Yes","Insecta"
"209",209,209,"Geometric Graphs","Video","Physical Contact","Yes","Insecta"
"210",210,210,"Geometric Graphs","Video","Physical Contact","Yes","Insecta"
"211",211,211,"Geometric Graphs","Video","Physical Contact","Yes","Insecta"
"212",212,212,"Geometric Graphs","Video","Physical Contact","Yes","Insecta"
"213",213,213,"Geometric Graphs","Video","Physical Contact","Yes","Insecta"
"214",214,214,"Geometric Graphs","Video","Physical Contact","Yes","Insecta"
"215",215,215,"Geometric Graphs","Video","Physical Contact","Yes","Insecta"
"216",216,216,"Geometric Graphs","Video","Physical Contact","Yes","Insecta"
"217",217,217,"Erdös-Rényi","Video","Physical Contact","Yes","Insecta"
"218",218,218,"Geometric Graphs","Video","Physical Contact","Yes","Insecta"
"219",219,219,"Geometric Graphs","Video","Physical Contact","Yes","Insecta"
"220",220,220,"Scale-Free","Video","Physical Contact","Yes","Insecta"
"221",221,221,"Scale-Free","Video","Physical Contact","Yes","Insecta"
"222",222,222,"Scale-Free","Video","Physical Contact","Yes","Insecta"
"223",223,223,"Geometric Graphs","Video","Physical Contact","Yes","Insecta"
"224",224,224,"Scale-Free","Video","Physical Contact","Yes","Insecta"
"225",225,225,"Geometric Graphs","Video","Physical Contact","Yes","Insecta"
"226",226,226,"Geometric Graphs","Video","Physical Contact","Yes","Insecta"
"227",227,227,"Scale-Free","Video","Physical Contact","Yes","Insecta"
"228",228,228,"Scale-Free","Video","Physical Contact","Yes","Insecta"
"229",229,229,"Geometric Graphs","Video","Physical Contact","Yes","Insecta"
"230",230,230,"Geometric Graphs","Video","Physical Contact","Yes","Insecta"
"231",231,231,"Geometric Graphs","Video","Physical Contact","Yes","Insecta"
"232",232,232,"Scale-Free","Video","Physical Contact","Yes","Insecta"
"233",233,233,"Geometric Graphs","Video","Physical Contact","Yes","Insecta"
"234",234,234,"Geometric Graphs","Video","Physical Contact","Yes","Insecta"
"235",235,235,"Geometric Graphs","Video","Physical Contact","Yes","Insecta"
"236",236,236,"Geometric Graphs","Video","Physical Contact","Yes","Insecta"
"237",237,237,"Geometric Graphs","Video","Physical Contact","Yes","Insecta"
"238",238,238,"Geometric Graphs","Video","Physical Contact","Yes","Insecta"
"239",239,239,"Erdös-Rényi","Video","Physical Contact","Yes","Insecta"
"240",240,240,"Geometric Graphs","Video","Physical Contact","Yes","Insecta"
"241",241,241,"Geometric Graphs","Video","Physical Contact","Yes","Insecta"
"242",242,242,"Geometric Graphs","Video","Physical Contact","Yes","Insecta"
"243",243,243,"Geometric Graphs","Video","Physical Contact","Yes","Insecta"
"244",244,244,"Geometric Graphs","Video","Physical Contact","Yes","Insecta"
"245",245,245,"Geometric Graphs","Video","Physical Contact","Yes","Insecta"
"246",246,246,"Geometric Graphs","Video","Physical Contact","Yes","Insecta"
"247",247,247,"Geometric Graphs","Video","Physical Contact","Yes","Insecta"
"248",248,248,"Geometric Graphs","Video","Physical Contact","Yes","Insecta"
"249",249,249,"Geometric Graphs","Video","Physical Contact","Yes","Insecta"
"250",250,250,"Geometric Graphs","Video","Physical Contact","Yes","Insecta"
"251",251,251,"Geometric Graphs","Video","Physical Contact","Yes","Insecta"
"252",252,252,"Geometric Graphs","Video","Physical Contact","Yes","Insecta"
"253",253,253,"Geometric Graphs","Video","Physical Contact","Yes","Insecta"
"254",254,254,"Geometric Graphs","Video","Physical Contact","Yes","Insecta"
"255",255,255,"Geometric Graphs","Video","Physical Contact","Yes","Insecta"
"256",256,256,"Geometric Graphs","Video","Physical Contact","Yes","Insecta"
"257",257,257,"Geometric Graphs","Video","Physical Contact","Yes","Insecta"
"258",258,258,"Geometric Graphs","Video","Physical Contact","Yes","Insecta"
"259",259,259,"Geometric Graphs","Video","Physical Contact","Yes","Insecta"
"260",260,260,"Geometric Graphs","Video","Physical Contact","Yes","Insecta"
"261",261,261,"Geometric Graphs","Video","Physical Contact","Yes","Insecta"
"262",262,262,"Geometric Graphs","Video","Physical Contact","Yes","Insecta"
"263",263,263,"Geometric Graphs","Video","Physical Contact","Yes","Insecta"
"264",264,264,"Geometric Graphs","Video","Physical Contact","Yes","Insecta"
"265",265,265,"Geometric Graphs","Video","Physical Contact","Yes","Insecta"
"266",266,266,"Geometric Graphs","Video","Physical Contact","Yes","Insecta"
"267",267,267,"Geometric Graphs","Video","Physical Contact","Yes","Insecta"
"268",268,268,"Geometric Graphs","Video","Physical Contact","Yes","Insecta"
"269",269,269,"Geometric Graphs","Video","Physical Contact","Yes","Insecta"
"270",270,270,"Geometric Graphs","Video","Physical Contact","Yes","Insecta"
"271",271,271,"Geometric Graphs","Video","Physical Contact","Yes","Insecta"
"272",272,272,"Geometric Graphs","Video","Physical Contact","Yes","Insecta"
"273",273,273,"Geometric Graphs","Video","Physical Contact","Yes","Insecta"
"274",274,274,"Geometric Graphs","Video","Physical Contact","Yes","Insecta"
"275",275,275,"Geometric Graphs","Video","Physical Contact","Yes","Insecta"
"276",276,276,"Geometric Graphs","Video","Physical Contact","Yes","Insecta"
"277",277,277,"Geometric Graphs","Video","Physical Contact","Yes","Insecta"
"278",278,278,"Geometric Graphs","Video","Physical Contact","Yes","Insecta"
"279",279,279,"Geometric Graphs","Video","Physical Contact","Yes","Insecta"
"280",280,280,"Geometric Graphs","Video","Physical Contact","Yes","Insecta"
"281",281,281,"Erdös-Rényi","Video","Physical Contact","Yes","Insecta"
"282",282,282,"Geometric Graphs","Video","Physical Contact","Yes","Insecta"
"283",283,283,"Geometric Graphs","Video","Physical Contact","Yes","Insecta"
"284",284,284,"Geometric Graphs","Video","Physical Contact","Yes","Insecta"
"285",285,285,"Geometric Graphs","Video","Physical Contact","Yes","Insecta"
"286",286,286,"Geometric Graphs","Video","Physical Contact","Yes","Insecta"
"287",287,287,"Geometric Graphs","Video","Physical Contact","Yes","Insecta"
"288",288,288,"Geometric Graphs","Video","Physical Contact","Yes","Insecta"
"289",289,289,"Geometric Graphs","Video","Physical Contact","Yes","Insecta"
"290",290,290,"Geometric Graphs","Video","Physical Contact","Yes","Insecta"
"291",291,291,"Geometric Graphs","Video","Physical Contact","Yes","Insecta"
"292",292,292,"Geometric Graphs","Video","Physical Contact","Yes","Insecta"
"293",293,293,"Geometric Graphs","Video","Physical Contact","Yes","Insecta"
"294",294,294,"Geometric Graphs","Video","Physical Contact","Yes","Insecta"
"295",295,295,"Geometric Graphs","Video","Physical Contact","Yes","Insecta"
"296",296,296,"Geometric Graphs","Video","Physical Contact","Yes","Insecta"
"297",297,297,"Geometric Graphs","Video","Physical Contact","Yes","Insecta"
"298",298,298,"Geometric Graphs","Video","Physical Contact","Yes","Insecta"
"299",299,299,"Geometric Graphs","Video","Physical Contact","Yes","Insecta"
"300",300,300,"Geometric Graphs","Video","Physical Contact","Yes","Insecta"
"301",301,301,"Geometric Graphs","Video","Physical Contact","Yes","Insecta"
"302",302,302,"Geometric Graphs","Video","Physical Contact","Yes","Insecta"
"303",303,303,"Geometric Graphs","Video","Physical Contact","Yes","Insecta"
"304",304,304,"Geometric Graphs","Video","Physical Contact","Yes","Insecta"
"305",305,305,"Geometric Graphs","Video","Physical Contact","Yes","Insecta"
"306",306,306,"Geometric Graphs","Video","Physical Contact","Yes","Insecta"
"307",307,307,"Geometric Graphs","Video","Physical Contact","Yes","Insecta"
"308",308,308,"Geometric Graphs","Video","Physical Contact","Yes","Insecta"
"309",309,309,"Geometric Graphs","Video","Physical Contact","Yes","Insecta"
"310",310,310,"Geometric Graphs","Video","Physical Contact","Yes","Insecta"
"311",311,311,"Geometric Graphs","Video","Physical Contact","Yes","Insecta"
"312",312,312,"Geometric Graphs","Video","Physical Contact","Yes","Insecta"
"313",313,313,"Geometric Graphs","Video","Physical Contact","Yes","Insecta"
"314",314,314,"Geometric Graphs","Video","Physical Contact","Yes","Insecta"
"315",315,315,"Geometric Graphs","Video","Physical Contact","Yes","Insecta"
"316",316,316,"Geometric Graphs","Video","Physical Contact","Yes","Insecta"
"317",317,317,"Geometric Graphs","Video","Physical Contact","Yes","Insecta"
"318",318,318,"Geometric Graphs","Video","Physical Contact","Yes","Insecta"
"319",319,319,"Geometric Graphs","Video","Physical Contact","Yes","Insecta"
"320",320,320,"Geometric Graphs","Video","Physical Contact","Yes","Insecta"
"321",321,321,"Erdös-Rényi","Video","Physical Contact","Yes","Insecta"
"322",322,322,"Scale-Free","Video","Physical Contact","Yes","Insecta"
"323",323,323,"Erdös-Rényi","Video","Physical Contact","Yes","Insecta"
"324",324,324,"Scale-Free","Video","Physical Contact","Yes","Insecta"
"325",325,325,"Erdös-Rényi","Video","Physical Contact","Yes","Insecta"
"326",326,326,"Scale-Free","Video","Physical Contact","Yes","Insecta"
"327",327,327,"Erdös-Rényi","Video","Physical Contact","Yes","Insecta"
"328",328,328,"Erdös-Rényi","Video","Physical Contact","Yes","Insecta"
"329",329,329,"Scale-Free","Video","Physical Contact","Yes","Insecta"
"330",330,330,"Scale-Free","Video","Physical Contact","Yes","Insecta"
"331",331,331,"Erdös-Rényi","Video","Physical Contact","Yes","Insecta"
"332",332,332,"Erdös-Rényi","Video","Physical Contact","Yes","Insecta"
"333",333,333,"Scale-Free","Video","Physical Contact","Yes","Insecta"
"334",334,334,"Erdös-Rényi","Video","Physical Contact","Yes","Insecta"
"335",335,335,"Scale-Free","Video","Physical Contact","Yes","Insecta"
"336",336,336,"Scale-Free","Video","Physical Contact","Yes","Insecta"
"337",337,337,"Scale-Free","Video","Physical Contact","Yes","Insecta"
"338",338,338,"Scale-Free","Video","Physical Contact","Yes","Insecta"
"339",339,339,"Stochastic-Block-Model","Survey Scan","Spatial Proximity","Yes","Insecta"
"340",340,340,"Scale-Free","Survey Scan","Spatial Proximity","Yes","Insecta"
"341",341,341,"Scale-Free","Survey Scan","Spatial Proximity","Yes","Insecta"
"342",342,342,"Scale-Free","Survey Scan","Spatial Proximity","Yes","Insecta"
"343",343,343,"Erdös-Rényi","Survey Scan","Spatial Proximity","Yes","Insecta"
"344",344,344,"Scale-Free","Survey Scan","Spatial Proximity","Yes","Insecta"
"345",345,345,"Stochastic-Block-Model","Survey Scan","Spatial Proximity","Yes","Insecta"
"346",346,346,"Erdös-Rényi","Survey Scan","Spatial Proximity","Yes","Insecta"
"347",347,347,"Scale-Free","Survey Scan","Spatial Proximity","Yes","Insecta"
"348",348,348,"Scale-Free","Survey Scan","Spatial Proximity","Yes","Insecta"
"349",349,349,"Stochastic-Block-Model","Survey Scan","Spatial Proximity","Yes","Insecta"
"350",350,350,"Scale-Free","Survey Scan","Spatial Proximity","Yes","Insecta"
"351",351,351,"Erdös-Rényi","Focal Sampling","Dominance","No","Mammalia"
"352",352,352,"Scale-Free","Focal Sampling","Spatial Proximity","No","Mammalia"
"353",353,353,"Erdös-Rényi","Focal Sampling","Spatial Proximity","No","Mammalia"
"354",354,354,"Scale-Free","Focal Sampling","Spatial Proximity","No","Mammalia"
"355",355,355,"Scale-Free","Focal Sampling","Spatial Proximity","No","Mammalia"
"356",356,356,"Scale-Free","Focal Sampling","Spatial Proximity","No","Mammalia"
"357",357,357,"Scale-Free","Focal Sampling","Spatial Proximity","No","Mammalia"
"358",358,358,"Scale-Free","Focal Sampling","Spatial Proximity","No","Mammalia"
"359",359,359,"Erdös-Rényi","Focal Sampling","Spatial Proximity","No","Mammalia"
"360",360,360,"Scale-Free","Focal Sampling","Spatial Proximity","No","Mammalia"
"361",361,361,"Erdös-Rényi","Focal Sampling","Spatial Proximity","No","Mammalia"
"362",362,362,"Erdös-Rényi","Focal Sampling","Spatial Proximity","No","Mammalia"
"363",363,363,"Erdös-Rényi","Focal Sampling","Spatial Proximity","No","Mammalia"
"364",364,364,"Scale-Free","Focal Sampling","Spatial Proximity","No","Mammalia"
"365",365,365,"Erdös-Rényi","Focal Sampling","Spatial Proximity","No","Mammalia"
"366",366,366,"Scale-Free","Focal Sampling","Spatial Proximity","No","Mammalia"
"367",367,367,"Erdös-Rényi","Focal Sampling","Spatial Proximity","No","Mammalia"
"368",368,368,"Stochastic-Block-Model","Focal Sampling","Spatial Proximity","No","Mammalia"
"369",369,369,"Erdös-Rényi","Focal Sampling","Spatial Proximity","No","Mammalia"
"370",370,370,"Stochastic-Block-Model","Focal Sampling","Spatial Proximity","No","Mammalia"
"371",371,371,"Stochastic-Block-Model","Focal Sampling","Spatial Proximity","No","Mammalia"
"372",372,372,"Scale-Free","Focal Sampling","Spatial Proximity","No","Mammalia"
"373",373,373,"Erdös-Rényi","Focal Sampling","Spatial Proximity","No","Mammalia"
"374",374,374,"Scale-Free","Focal Sampling","Spatial Proximity","No","Mammalia"
"375",375,375,"Scale-Free","Focal Sampling","Spatial Proximity","No","Mammalia"
"376",376,376,"Erdös-Rényi","Focal Sampling","Spatial Proximity","No","Mammalia"
"377",377,377,"Stochastic-Block-Model","Focal Sampling","Spatial Proximity","No","Mammalia"
"378",378,378,"Geometric Graphs","RFID","Social Projection Bipartite","No","Mammalia"
"379",379,379,"Geometric Graphs","Survey Scan","Dominance","Semi Ranging","Mammalia"
"380",380,380,"Scale-Free","Survey Scan","Dominance","Semi Ranging","Mammalia"
"381",381,381,"Geometric Graphs","Survey Scan","Spatial Proximity","No","Mammalia"
"382",382,382,"Scale-Free","Survey Scan","Spatial Proximity","No","Mammalia"
"383",383,383,"Geometric Graphs","Survey Scan","Spatial Proximity","No","Mammalia"
"384",384,384,"Geometric Graphs","Survey Scan","Spatial Proximity","No","Mammalia"
"385",385,385,"Small-World","Survey Scan","Spatial Proximity","No","Mammalia"
"386",386,386,"Scale-Free","Survey Scan","Dominance","No","Mammalia"
"387",387,387,"Erdös-Rényi","Survey Scan","Dominance","No","Mammalia"
"388",388,388,"Geometric Graphs","Survey Scan","Group Membership","No","Mammalia"
"389",389,389,"Geometric Graphs","Survey Scan","Group Membership","No","Mammalia"
"390",390,390,"Geometric Graphs","Survey Scan","Group Membership","No","Mammalia"
"391",391,391,"Geometric Graphs","Survey Scan","Spatial Proximity","No","Mammalia"
"392",392,392,"Small-World","Survey Scan","Physical Contact","Yes","Mammalia"
"393",393,393,"Scale-Free","Survey Scan","Dominance","Semi Ranging","Mammalia"
"394",394,394,"Scale-Free","Survey Scan","Physical Contact","Yes","Mammalia"
"395",395,395,"Scale-Free","Focal Sampling","Grooming","No","Mammalia"
"396",396,396,"Scale-Free","Focal Sampling","Grooming","No","Mammalia"
"397",397,397,"Scale-Free","Focal Sampling","Grooming","No","Mammalia"
"398",398,398,"Geometric Graphs","Focal Sampling","Grooming","No","Mammalia"
"399",399,399,"Stochastic-Block-Model","Focal Sampling","Grooming","No","Mammalia"
"400",400,400,"Scale-Free","Focal Sampling","Grooming","No","Mammalia"
"401",401,401,"Scale-Free","Focal Sampling","Grooming","No","Mammalia"
"402",402,402,"Scale-Free","Focal Sampling","Grooming","No","Mammalia"
"403",403,403,"Geometric Graphs","Focal Sampling","Grooming","No","Mammalia"
"404",404,404,"Scale-Free","Focal Sampling","Grooming","No","Mammalia"
"405",405,405,"Scale-Free","Focal Sampling","Grooming","No","Mammalia"
"406",406,406,"Scale-Free","Focal Sampling","Grooming","No","Mammalia"
"407",407,407,"Scale-Free","Focal Sampling","Grooming","No","Mammalia"
"408",408,408,"Geometric Graphs","Focal Sampling","Grooming","No","Mammalia"
"409",409,409,"Geometric Graphs","Focal Sampling","Grooming","No","Mammalia"
"410",410,410,"Scale-Free","Focal Sampling","Grooming","No","Mammalia"
"411",411,411,"Geometric Graphs","Focal Sampling","Grooming","No","Mammalia"
"412",412,412,"Scale-Free","Focal Sampling","Grooming","No","Mammalia"
"413",413,413,"Geometric Graphs","Focal Sampling","Grooming","No","Mammalia"
"414",414,414,"Geometric Graphs","Focal Sampling","Grooming","No","Mammalia"
"415",415,415,"Geometric Graphs","Focal Sampling","Grooming","No","Mammalia"
"416",416,416,"Scale-Free","Focal Sampling","Grooming","No","Mammalia"
"417",417,417,"Geometric Graphs","Focal Sampling","Grooming","No","Mammalia"
"418",418,418,"Geometric Graphs","Focal Sampling","Grooming","No","Mammalia"
"419",419,419,"Geometric Graphs","Focal Sampling","Grooming","No","Mammalia"
"420",420,420,"Scale-Free","Focal Sampling","Grooming","No","Mammalia"
"421",421,421,"Geometric Graphs","Focal Sampling","Grooming","No","Mammalia"
"422",422,422,"Scale-Free","Focal Sampling","Grooming","No","Mammalia"
"423",423,423,"Geometric Graphs","Focal Sampling","Grooming","No","Mammalia"
"424",424,424,"Scale-Free","Focal Sampling","Grooming","No","Mammalia"
"425",425,425,"Geometric Graphs","Focal Sampling","Grooming","No","Mammalia"
"426",426,426,"Geometric Graphs","Focal Sampling","Grooming","No","Mammalia"
"427",427,427,"Geometric Graphs","Focal Sampling","Grooming","No","Mammalia"
"428",428,428,"Geometric Graphs","Focal Sampling","Grooming","No","Mammalia"
"429",429,429,"Geometric Graphs","Focal Sampling","Grooming","No","Mammalia"
"430",430,430,"Stochastic-Block-Model","Logger","Spatial Proximity","No","Mammalia"
"431",431,431,"Geometric Graphs","Logger","Spatial Proximity","No","Mammalia"
"432",432,432,"Scale-Free","Logger","Spatial Proximity","No","Mammalia"
"433",433,433,"Scale-Free","Logger","Spatial Proximity","No","Mammalia"
"434",434,434,"Scale-Free","Logger","Spatial Proximity","No","Mammalia"
"435",435,435,"Scale-Free","Logger","Spatial Proximity","No","Mammalia"
"436",436,436,"Scale-Free","Logger","Spatial Proximity","No","Mammalia"
"437",437,437,"Scale-Free","Logger","Spatial Proximity","No","Mammalia"
"438",438,438,"Geometric Graphs","Logger","Spatial Proximity","No","Mammalia"
"439",439,439,"Scale-Free","Logger","Spatial Proximity","No","Mammalia"
"440",440,440,"Geometric Graphs","Logger","Spatial Proximity","No","Mammalia"
"441",441,441,"Geometric Graphs","Logger","Spatial Proximity","No","Mammalia"
"442",442,442,"Scale-Free","Logger","Spatial Proximity","No","Mammalia"
"443",443,443,"Stochastic-Block-Model","Logger","Spatial Proximity","No","Mammalia"
"444",444,444,"Geometric Graphs","Logger","Spatial Proximity","No","Mammalia"
"445",445,445,"Scale-Free","Logger","Spatial Proximity","No","Mammalia"
"446",446,446,"Stochastic-Block-Model","Logger","Spatial Proximity","No","Mammalia"
"447",447,447,"Stochastic-Block-Model","Logger","Spatial Proximity","No","Mammalia"
"448",448,448,"Geometric Graphs","Logger","Spatial Proximity","No","Mammalia"
"449",449,449,"Scale-Free","Logger","Spatial Proximity","No","Mammalia"
"450",450,450,"Scale-Free","Logger","Spatial Proximity","No","Mammalia"
"451",451,451,"Geometric Graphs","Logger","Spatial Proximity","No","Mammalia"
"452",452,452,"Scale-Free","Logger","Spatial Proximity","No","Mammalia"
"453",453,453,"Scale-Free","Logger","Spatial Proximity","No","Mammalia"
"454",454,454,"Scale-Free","Logger","Spatial Proximity","No","Mammalia"
"455",455,455,"Scale-Free","Logger","Spatial Proximity","No","Mammalia"
"456",456,456,"Scale-Free","Logger","Spatial Proximity","No","Mammalia"
"457",457,457,"Geometric Graphs","Logger","Spatial Proximity","No","Mammalia"
"458",458,458,"Geometric Graphs","Focal Sampling","Dominance","Semi Ranging","Mammalia"
"459",459,459,"Geometric Graphs","Focal Sampling","Physical Contact","No","Mammalia"
"460",460,460,"Scale-Free","Video","Trophallaxis","Yes","Mammalia"
"461",461,461,"Geometric Graphs","Mark Recapture","Social Projection Bipartite","No","Mammalia"
"462",462,462,"Scale-Free","Mark Recapture","Social Projection Bipartite","No","Mammalia"
"463",463,463,"Scale-Free","Mark Recapture","Social Projection Bipartite","No","Mammalia"
"464",464,464,"Geometric Graphs","Mark Recapture","Social Projection Bipartite","No","Mammalia"
"465",465,465,"Stochastic-Block-Model","Mark Recapture","Social Projection Bipartite","No","Mammalia"
"466",466,466,"Scale-Free","Mark Recapture","Social Projection Bipartite","No","Mammalia"
"467",467,467,"Scale-Free","Mark Recapture","Social Projection Bipartite","No","Mammalia"
"468",468,468,"Scale-Free","Mark Recapture","Social Projection Bipartite","No","Mammalia"
"469",469,469,"Geometric Graphs","Mark Recapture","Social Projection Bipartite","No","Mammalia"
"470",470,470,"Scale-Free","Mark Recapture","Social Projection Bipartite","No","Mammalia"
"471",471,471,"Scale-Free","Mark Recapture","Social Projection Bipartite","No","Mammalia"
"472",472,472,"Scale-Free","Mark Recapture","Social Projection Bipartite","No","Mammalia"
"473",473,473,"Scale-Free","Mark Recapture","Social Projection Bipartite","No","Mammalia"
"474",474,474,"Scale-Free","Mark Recapture","Social Projection Bipartite","No","Mammalia"
"475",475,475,"Geometric Graphs","Mark Recapture","Social Projection Bipartite","No","Mammalia"
"476",476,476,"Geometric Graphs","Mark Recapture","Social Projection Bipartite","No","Mammalia"
"477",477,477,"Geometric Graphs","Mark Recapture","Social Projection Bipartite","No","Mammalia"
"478",478,478,"Geometric Graphs","Mark Recapture","Social Projection Bipartite","No","Mammalia"
"479",479,479,"Geometric Graphs","Mark Recapture","Social Projection Bipartite","No","Mammalia"
"480",480,480,"Scale-Free","Mark Recapture","Social Projection Bipartite","No","Mammalia"
"481",481,481,"Scale-Free","Mark Recapture","Social Projection Bipartite","No","Mammalia"
"482",482,482,"Geometric Graphs","Mark Recapture","Social Projection Bipartite","No","Mammalia"
"483",483,483,"Scale-Free","Mark Recapture","Social Projection Bipartite","No","Mammalia"
"484",484,484,"Stochastic-Block-Model","Mark Recapture","Social Projection Bipartite","No","Mammalia"
"485",485,485,"Erdös-Rényi","Mark Recapture","Social Projection Bipartite","No","Mammalia"
"486",486,486,"Scale-Free","Mark Recapture","Social Projection Bipartite","No","Mammalia"
"487",487,487,"Geometric Graphs","Mark Recapture","Social Projection Bipartite","No","Mammalia"
"488",488,488,"Small-World","Mark Recapture","Social Projection Bipartite","No","Mammalia"
"489",489,489,"Scale-Free","Mark Recapture","Social Projection Bipartite","No","Mammalia"
"490",490,490,"Small-World","Mark Recapture","Social Projection Bipartite","No","Mammalia"
"491",491,491,"Geometric Graphs","Mark Recapture","Social Projection Bipartite","No","Mammalia"
"492",492,492,"Scale-Free","Mark Recapture","Social Projection Bipartite","No","Mammalia"
"493",493,493,"Scale-Free","Mark Recapture","Social Projection Bipartite","No","Mammalia"
"494",494,494,"Geometric Graphs","Mark Recapture","Social Projection Bipartite","No","Mammalia"
"495",495,495,"Geometric Graphs","Mark Recapture","Social Projection Bipartite","No","Mammalia"
"496",496,496,"Scale-Free","Mark Recapture","Social Projection Bipartite","No","Mammalia"
"497",497,497,"Scale-Free","Mark Recapture","Social Projection Bipartite","No","Mammalia"
"498",498,498,"Scale-Free","Mark Recapture","Social Projection Bipartite","No","Mammalia"
"499",499,499,"Small-World","Mark Recapture","Social Projection Bipartite","No","Mammalia"
"500",500,500,"Scale-Free","Mark Recapture","Social Projection Bipartite","No","Mammalia"
"501",501,501,"Scale-Free","Mark Recapture","Social Projection Bipartite","No","Mammalia"
"502",502,502,"Small-World","Mark Recapture","Social Projection Bipartite","No","Mammalia"
"503",503,503,"Stochastic-Block-Model","Mark Recapture","Social Projection Bipartite","No","Mammalia"
"504",504,504,"Stochastic-Block-Model","Mark Recapture","Social Projection Bipartite","No","Mammalia"
"505",505,505,"Scale-Free","Mark Recapture","Social Projection Bipartite","No","Mammalia"
"506",506,506,"Small-World","Mark Recapture","Social Projection Bipartite","No","Mammalia"
"507",507,507,"Scale-Free","Mark Recapture","Social Projection Bipartite","No","Mammalia"
"508",508,508,"Scale-Free","Mark Recapture","Social Projection Bipartite","No","Mammalia"
"509",509,509,"Scale-Free","Mark Recapture","Social Projection Bipartite","No","Mammalia"
"510",510,510,"Geometric Graphs","Mark Recapture","Social Projection Bipartite","No","Mammalia"
"511",511,511,"Geometric Graphs","Mark Recapture","Social Projection Bipartite","No","Mammalia"
"512",512,512,"Stochastic-Block-Model","Mark Recapture","Social Projection Bipartite","No","Mammalia"
"513",513,513,"Small-World","Mark Recapture","Social Projection Bipartite","No","Mammalia"
"514",514,514,"Scale-Free","Mark Recapture","Social Projection Bipartite","No","Mammalia"
"515",515,515,"Geometric Graphs","Mark Recapture","Social Projection Bipartite","No","Mammalia"
"516",516,516,"Scale-Free","Mark Recapture","Social Projection Bipartite","No","Mammalia"
"517",517,517,"Geometric Graphs","Mark Recapture","Social Projection Bipartite","No","Mammalia"
"518",518,518,"Geometric Graphs","Mark Recapture","Social Projection Bipartite","No","Mammalia"
"519",519,519,"Geometric Graphs","Mark Recapture","Social Projection Bipartite","No","Mammalia"
"520",520,520,"Geometric Graphs","Mark Recapture","Social Projection Bipartite","No","Mammalia"
"521",521,521,"Small-World","Mark Recapture","Social Projection Bipartite","No","Mammalia"
"522",522,522,"Geometric Graphs","Mark Recapture","Social Projection Bipartite","No","Mammalia"
"523",523,523,"Geometric Graphs","Mark Recapture","Social Projection Bipartite","No","Mammalia"
"524",524,524,"Geometric Graphs","Mark Recapture","Social Projection Bipartite","No","Mammalia"
"525",525,525,"Geometric Graphs","Mark Recapture","Social Projection Bipartite","No","Mammalia"
"526",526,526,"Scale-Free","Mark Recapture","Social Projection Bipartite","No","Mammalia"
"527",527,527,"Scale-Free","Mark Recapture","Social Projection Bipartite","No","Mammalia"
"528",528,528,"Scale-Free","Mark Recapture","Social Projection Bipartite","No","Mammalia"
"529",529,529,"Scale-Free","Mark Recapture","Social Projection Bipartite","No","Mammalia"
"530",530,530,"Small-World","Mark Recapture","Social Projection Bipartite","No","Mammalia"
"531",531,531,"Geometric Graphs","Mark Recapture","Social Projection Bipartite","No","Mammalia"
"532",532,532,"Geometric Graphs","Mark Recapture","Social Projection Bipartite","No","Mammalia"
"533",533,533,"Geometric Graphs","Mark Recapture","Social Projection Bipartite","No","Mammalia"
"534",534,534,"Scale-Free","Mark Recapture","Social Projection Bipartite","No","Mammalia"
"535",535,535,"Geometric Graphs","Mark Recapture","Social Projection Bipartite","No","Mammalia"
"536",536,536,"Scale-Free","Mark Recapture","Social Projection Bipartite","No","Mammalia"
"537",537,537,"Scale-Free","Mark Recapture","Social Projection Bipartite","No","Mammalia"
"538",538,538,"Geometric Graphs","Mark Recapture","Social Projection Bipartite","No","Mammalia"
"539",539,539,"Scale-Free","Mark Recapture","Social Projection Bipartite","No","Mammalia"
"540",540,540,"Small-World","Mark Recapture","Social Projection Bipartite","No","Mammalia"
"541",541,541,"Erdös-Rényi","Mark Recapture","Social Projection Bipartite","No","Mammalia"
"542",542,542,"Small-World","Mark Recapture","Social Projection Bipartite","No","Mammalia"
"543",543,543,"Scale-Free","Mark Recapture","Social Projection Bipartite","No","Mammalia"
"544",544,544,"Geometric Graphs","Mark Recapture","Social Projection Bipartite","No","Mammalia"
"545",545,545,"Scale-Free","Mark Recapture","Social Projection Bipartite","No","Mammalia"
"546",546,546,"Scale-Free","Mark Recapture","Social Projection Bipartite","No","Mammalia"
"547",547,547,"Stochastic-Block-Model","Mark Recapture","Social Projection Bipartite","No","Mammalia"
"548",548,548,"Scale-Free","Mark Recapture","Social Projection Bipartite","No","Mammalia"
"549",549,549,"Stochastic-Block-Model","Mark Recapture","Social Projection Bipartite","No","Mammalia"
"550",550,550,"Scale-Free","Mark Recapture","Social Projection Bipartite","No","Mammalia"
"551",551,551,"Scale-Free","Mark Recapture","Social Projection Bipartite","No","Mammalia"
"552",552,552,"Scale-Free","Mark Recapture","Social Projection Bipartite","No","Mammalia"
"553",553,553,"Scale-Free","Mark Recapture","Social Projection Bipartite","No","Mammalia"
"554",554,554,"Scale-Free","Mark Recapture","Social Projection Bipartite","No","Mammalia"
"555",555,555,"Geometric Graphs","Mark Recapture","Social Projection Bipartite","No","Mammalia"
"556",556,556,"Geometric Graphs","Mark Recapture","Social Projection Bipartite","No","Mammalia"
"557",557,557,"Geometric Graphs","Mark Recapture","Social Projection Bipartite","No","Mammalia"
"558",558,558,"Geometric Graphs","Mark Recapture","Social Projection Bipartite","No","Mammalia"
"559",559,559,"Geometric Graphs","Mark Recapture","Social Projection Bipartite","No","Mammalia"
"560",560,560,"Geometric Graphs","Mark Recapture","Social Projection Bipartite","No","Mammalia"
"561",561,561,"Scale-Free","Mark Recapture","Social Projection Bipartite","No","Mammalia"
"562",562,562,"Scale-Free","Mark Recapture","Social Projection Bipartite","No","Mammalia"
"563",563,563,"Scale-Free","Mark Recapture","Social Projection Bipartite","No","Mammalia"
"564",564,564,"Scale-Free","Mark Recapture","Social Projection Bipartite","No","Mammalia"
"565",565,565,"Scale-Free","Mark Recapture","Social Projection Bipartite","No","Mammalia"
"566",566,566,"Stochastic-Block-Model","Mark Recapture","Social Projection Bipartite","No","Mammalia"
"567",567,567,"Scale-Free","Mark Recapture","Social Projection Bipartite","No","Mammalia"
"568",568,568,"Geometric Graphs","Mark Recapture","Social Projection Bipartite","No","Mammalia"
"569",569,569,"Scale-Free","Mark Recapture","Social Projection Bipartite","No","Mammalia"
"570",570,570,"Scale-Free","Mark Recapture","Social Projection Bipartite","No","Mammalia"
"571",571,571,"Small-World","Mark Recapture","Social Projection Bipartite","No","Mammalia"
"572",572,572,"Scale-Free","Mark Recapture","Social Projection Bipartite","No","Mammalia"
"573",573,573,"Scale-Free","Mark Recapture","Social Projection Bipartite","No","Mammalia"
"574",574,574,"Scale-Free","Mark Recapture","Social Projection Bipartite","No","Mammalia"
"575",575,575,"Scale-Free","Mark Recapture","Social Projection Bipartite","No","Mammalia"
"576",576,576,"Geometric Graphs","Mark Recapture","Social Projection Bipartite","No","Mammalia"
"577",577,577,"Scale-Free","Mark Recapture","Social Projection Bipartite","No","Mammalia"
"578",578,578,"Small-World","Mark Recapture","Social Projection Bipartite","No","Mammalia"
"579",579,579,"Geometric Graphs","Mark Recapture","Social Projection Bipartite","No","Mammalia"
"580",580,580,"Small-World","Mark Recapture","Social Projection Bipartite","No","Mammalia"
"581",581,581,"Geometric Graphs","Mark Recapture","Social Projection Bipartite","No","Mammalia"
"582",582,582,"Geometric Graphs","Mark Recapture","Social Projection Bipartite","No","Mammalia"
"583",583,583,"Stochastic-Block-Model","Mark Recapture","Social Projection Bipartite","No","Mammalia"
"584",584,584,"Geometric Graphs","Mark Recapture","Social Projection Bipartite","No","Mammalia"
"585",585,585,"Geometric Graphs","Mark Recapture","Social Projection Bipartite","No","Mammalia"
"586",586,586,"Small-World","Mark Recapture","Social Projection Bipartite","No","Mammalia"
"587",587,587,"Scale-Free","Mark Recapture","Social Projection Bipartite","No","Mammalia"
"588",588,588,"Geometric Graphs","Mark Recapture","Social Projection Bipartite","No","Mammalia"
"589",589,589,"Geometric Graphs","Mark Recapture","Social Projection Bipartite","No","Mammalia"
"590",590,590,"Scale-Free","Mark Recapture","Social Projection Bipartite","No","Mammalia"
"591",591,591,"Geometric Graphs","Mark Recapture","Social Projection Bipartite","No","Mammalia"
"592",592,592,"Scale-Free","Mark Recapture","Social Projection Bipartite","No","Mammalia"
"593",593,593,"Small-World","Mark Recapture","Social Projection Bipartite","No","Mammalia"
"594",594,594,"Scale-Free","Mark Recapture","Social Projection Bipartite","No","Mammalia"
"595",595,595,"Geometric Graphs","Mark Recapture","Social Projection Bipartite","No","Mammalia"
"596",596,596,"Scale-Free","Mark Recapture","Social Projection Bipartite","No","Mammalia"
"597",597,597,"Geometric Graphs","Mark Recapture","Social Projection Bipartite","No","Mammalia"
"598",598,598,"Geometric Graphs","Mark Recapture","Social Projection Bipartite","No","Mammalia"
"599",599,599,"Geometric Graphs","Mark Recapture","Social Projection Bipartite","No","Mammalia"
"600",600,600,"Scale-Free","Mark Recapture","Social Projection Bipartite","No","Mammalia"
"601",601,601,"Geometric Graphs","Mark Recapture","Social Projection Bipartite","No","Mammalia"
"602",602,602,"Geometric Graphs","Mark Recapture","Social Projection Bipartite","No","Mammalia"
"603",603,603,"Geometric Graphs","Mark Recapture","Social Projection Bipartite","No","Mammalia"
"604",604,604,"Scale-Free","Mark Recapture","Social Projection Bipartite","No","Mammalia"
"605",605,605,"Scale-Free","Mark Recapture","Social Projection Bipartite","No","Mammalia"
"606",606,606,"Scale-Free","Mark Recapture","Social Projection Bipartite","No","Mammalia"
"607",607,607,"Small-World","Mark Recapture","Social Projection Bipartite","No","Mammalia"
"608",608,608,"Small-World","Mark Recapture","Social Projection Bipartite","No","Mammalia"
"609",609,609,"Stochastic-Block-Model","Mark Recapture","Social Projection Bipartite","No","Mammalia"
"610",610,610,"Stochastic-Block-Model","Mark Recapture","Social Projection Bipartite","No","Mammalia"
"611",611,611,"Small-World","Mark Recapture","Social Projection Bipartite","No","Mammalia"
"612",612,612,"Geometric Graphs","Survey Scan","Group Membership","No","Mammalia"
"613",613,613,"Geometric Graphs","Logger","Spatial Proximity","No","Reptilia"
"614",614,614,"Geometric Graphs","RFID","Social Projection Bipartite","No","Reptilia"
"615",615,615,"Geometric Graphs","RFID","Social Projection Bipartite","No","Reptilia"
"616",616,616,"Geometric Graphs","RFID","Social Projection Bipartite","No","Reptilia"
"617",617,617,"Geometric Graphs","RFID","Social Projection Bipartite","No","Reptilia"
"618",618,618,"Scale-Free","RFID","Social Projection Bipartite","No","Reptilia"
"619",619,619,"Geometric Graphs","RFID","Social Projection Bipartite","No","Reptilia"
"620",620,620,"Scale-Free","RFID","Social Projection Bipartite","No","Reptilia"
"621",621,621,"Scale-Free","RFID","Social Projection Bipartite","No","Reptilia"
"622",622,622,"Geometric Graphs","RFID","Social Projection Bipartite","No","Reptilia"
"623",623,623,"Scale-Free","RFID","Social Projection Bipartite","No","Reptilia"
"624",624,624,"Scale-Free","RFID","Social Projection Bipartite","No","Reptilia"
"625",625,625,"Small-World","RFID","Social Projection Bipartite","No","Reptilia"
"626",626,626,"Scale-Free","RFID","Social Projection Bipartite","No","Reptilia"
"627",627,627,"Geometric Graphs","RFID","Social Projection Bipartite","No","Reptilia"
"628",628,628,"Geometric Graphs","RFID","Social Projection Bipartite","No","Reptilia"
"629",629,629,"Scale-Free","RFID","Social Projection Bipartite","No","Reptilia"
"630",630,630,"Scale-Free","RFID","Social Projection Bipartite","No","Reptilia"
"631",631,631,"Scale-Free","RFID","Social Projection Bipartite","No","Reptilia"
"632",632,632,"Scale-Free","RFID","Social Projection Bipartite","No","Reptilia"
"633",633,633,"Scale-Free","RFID","Social Projection Bipartite","No","Reptilia"
"634",634,634,"Scale-Free","RFID","Social Projection Bipartite","No","Reptilia"
"635",635,635,"Geometric Graphs","RFID","Social Projection Bipartite","No","Reptilia"
"636",636,636,"Geometric Graphs","RFID","Social Projection Bipartite","No","Reptilia"
